uniprot	n_res	n_low	low_frac	n_spans	spans	cut_sites	plddt_min	plddt_mean	plddt_max
Q8WSR4	2698	340	0.1260	16	1-5;672-675;890-948;997-1007;1116-1146;1550-1552;1554-1556;1558-1571;1688-1709;1804-1893;2075-2084;2241-2247;2413-2436;2438-2441;2443-2476;2689-2698	3;673;919;1002;1131;1551;1555;1564;1698;1848;2079;2244;2424;2439;2459;2693	22.18	72.98	92.73
Q5S007	2527	220	0.0871	14	1-8;102-108;329-345;520-522;825-833;853-955;959-980;1360-1366;1616-1619;1721-1725;1800-1804;2254-2258;2400-2408;2479-2486	4;105;337;521;829;904;969;1363;1617;1723;1802;2256;2404;2482	21.51	77.45	97.11
Q61CW2	2313	155	0.0670	16	1-4;378-381;512-527;618-622;722-726;781-798;1029-1037;1110-1112;1150-1152;1436-1440;1530-1539;1801-1809;2049-2067;2069-2073;2123-2126;2228-2252	2;379;519;620;724;789;1033;1111;1151;1438;1534;1805;2058;2071;2124;2240	25.70	74.83	94.44
Q2TXG3	2026	30	0.0148	2	1-20;1082-1091	10;1086	24.79	87.96	98.41
Q54JE1	1941	122	0.0629	6	1-20;460-463;975-979;1514-1517;1862-1867;1869-1941	10;461;977;1515;1864;1905	7.00	77.96	95.34
Q9USR3	1877	125	0.0666	10	1-3;32-47;94-99;157-161;222-234;273-277;431-433;435-461;970-985;1592-1609	2;39;96;159;228;275;432;448;977;1600	26.43	78.72	97.78
Q64632	1807	399	0.2208	11	1-15;17-26;620-625;738-753;767-772;801-811;1073-1075;1107-1127;1321-1509;1603-1622;1719-1807	8;21;622;745;769;806;1074;1117;1415;1612;1763	22.32	70.64	96.93
Q9HH84	1699	73	0.0430	11	269-271;382-392;488-491;526-531;928-932;1026-1030;1073-1075;1171-1177;1416-1419;1464-1467;1684-1699	270;387;489;528;930;1028;1074;1174;1417;1465;1691	26.91	81.83	98.04
P47171	1648	164	0.0995	7	1-5;297-374;411-415;449-459;468-479;700-708;1594-1627	3;335;413;454;473;704;1610	24.40	76.96	95.69
Q24K09	1611	335	0.2079	8	1-17;94-127;130-346;387-397;596-611;635-646;953-956;1106-1128	9;110;238;392;603;640;954;1117	25.10	77.09	98.74
Q9ZGI3	1562	75	0.0480	6	166-170;907-913;1370-1387;1482-1487;1520-1545;1556-1562	168;910;1378;1484;1532;1559	25.05	87.59	98.94
Q5HGG7	1438	36	0.0250	2	168-172;186-209	170;197	35.94	89.61	98.62
Q9WU60	1428	173	0.1211	6	1-95;210-213;576-581;1029-1035;1324-1350;1401-1428	48;211;578;1032;1337;1414	21.48	78.72	98.17
Q8NDG6	1382	142	0.1027	6	15-18;26-121;374-379;884-894;1107-1120;1359-1367	16;73;376;889;1113;1363	17.77	80.72	98.09
Q9UTL9	1375	64	0.0465	6	399-401;669-673;1025-1027;1143-1160;1330-1353;1373-1375	400;671;1026;1151;1341;1374	23.72	79.87	96.95
Q99ZW2	1368	16	0.0117	2	766-775;1014-1016	770;1015	37.02	88.50	98.61
Q9F930	1287	272	0.2113	2	1-135;1151-1287	68;1219	23.16	83.23	98.95
Q27533	1256	188	0.1497	5	114-126;488-500;561-575;768-820;1164-1256	120;494;568;794;1210	18.00	76.30	97.78
Q2EEX2	1247	313	0.2510	11	1-28;162-169;228-240;264-270;379-408;762-817;837-840;842-845;867-914;916-975;1201-1247	14;165;234;267;393;789;838;843;890;945;1224	22.72	70.90	97.31
Q9NZ71	1219	339	0.2781	9	79-102;293-306;405-415;431-447;761-833;839-891;989-1055;1143-1208;1210-1219	90;299;410;439;797;865;1022;1175;1214	23.00	71.77	97.63
Q9YC75	1215	13	0.0107	1	1205-1215	1210	28.02	89.11	98.47
Q88FX8	1187	51	0.0430	3	1-4;744-775;1059-1071	2;759;1065	24.97	89.88	98.89
Q8BND3	1181	63	0.0533	6	395-407;459-461;468-474;992-1001;1003-1015;1129-1134	401;460;471;996;1009;1131	32.42	85.00	97.62
Q58914	1175	40	0.0340	5	54-57;70-73;141-149;930-936;1036-1047	55;71;145;933;1041	30.03	82.87	98.38
Q45716	1170	152	0.1299	6	1-30;280-282;769-787;790-810;1050-1115;1118-1129	15;281;778;800;1082;1123	24.80	82.47	98.57
Q27607	1145	99	0.0865	4	1-47;220-234;603-620;631-640	24;227;611;635	25.49	81.64	98.25
Q21049	1139	321	0.2818	7	1-29;153-158;225-240;521-567;604-654;699-837;1115-1139	15;155;232;544;629;768;1127	22.10	70.53	98.63
Q5M2T6	1106	36	0.0325	1	1073-1106	1089	23.01	86.97	98.12
Q21534	1095	117	0.1068	4	34-97;361-366;548-559;1062-1095	65;363;553;1078	23.17	78.04	96.04
W0TFN1	1084	204	0.1882	7	496-509;533-578;729-739;790-802;877-879;899-946;948-1012	502;555;734;796;878;922;980	20.74	70.96	92.46
Q1ZXK2	1074	229	0.2132	14	6-29;34-42;379-408;479-499;528-532;535-568;571-573;578-584;596-600;609-626;682-687;689-705;1025-1041;1050-1074	17;38;393;489;530;551;572;581;598;617;684;697;1033;1062	26.27	74.52	97.85
Q81BF4	1065	42	0.0394	3	458-485;650-652;659-664	471;651;661	24.97	88.72	98.86
Q60042	1055	41	0.0389	1	1-40	20	26.05	91.76	98.92
Q8K2I9	1042	212	0.2035	4	1-8;20-191;197-207;418-436	4;105;202;427	22.77	77.11	97.21
Q6Z4T5	1033	261	0.2527	4	1-27;29-236;598-601;654-673	14;132;599;663	22.32	75.39	98.62
Q69ZX6	1030	241	0.2340	2	593-781;852-900	687;876	26.20	78.03	98.86
Q2U3V3	1026	16	0.0156	1	622-634	628	37.87	89.25	98.11
Q8LPR9	1016	108	0.1063	4	1-68;657-676;696-698;1001-1016	34;666;697;1008	23.41	76.78	95.27
Q29FS3	1009	196	0.1943	9	81-103;293-299;420-449;762-793;805-807;809-811;825-839;841-912;1001-1009	92;296;434;777;806;810;832;876;1005	20.11	77.65	98.22
Q5YZ84	1004	5	0.0050	1	1-5	3	35.87	92.70	98.75
Q52978	999	20	0.0200	1	1-20	10	33.96	89.49	98.28
Q2GXG8	995	151	0.1518	7	78-84;105-109;141-151;547-616;624-637;818-827;913-942	81;107;146;581;630;822;927	22.84	82.69	98.69
Q58Y75	991	100	0.1009	6	1-8;14-52;75-82;131-134;681-684;957-991	4;33;78;132;682;974	25.05	78.29	96.71
Q9M2T1	987	202	0.2047	9	131-159;184-193;367-371;517-528;543-551;586-694;768-786;880-884;985-987	145;188;369;522;547;640;777;882;986	20.63	76.98	98.65
Q744V3	969	20	0.0206	1	1-18	9	25.63	90.85	98.81
Q46337	967	3	0.0031	1	1-3	2	37.52	97.53	98.95
Q9FX32	942	93	0.0987	4	1-12;813-878;904-909;935-942	6;845;906;938	23.40	86.35	98.90
Q47BK5	932	1	0.0011	0			43.56	95.05	98.91
Q5PQP9	926	145	0.1566	6	1-7;26-35;81-117;420-447;471-515;713-727	4;30;99;433;493;720	21.92	81.03	98.66
Q6C1B1	924	91	0.0985	5	1-55;401-409;837-851;854-857;893-897	28;405;844;855;895	25.51	80.50	97.81
