uniprot	fragA_id	fragA_start	fragA_end	fragB_id	fragB_start	fragB_end	win	avg_pae	median_pae	n_pairs	frac_gt15	classification	note
Q8WSR4	F001	4	673	F002	674	919	10	8.62	8.00	100	0.060	ambiguous	
Q8WSR4	F002	674	919	F003	920	1002	10	13.83	16.00	100	0.520	ambiguous	
Q8WSR4	F003	920	1002	F004	1003	1131	10	12.68	13.00	100	0.220	ambiguous	
Q8WSR4	F004	1003	1131	F005	1132	1564	10	13.06	14.50	100	0.380	ambiguous	
Q8WSR4	F005	1132	1564	F006	1565	1698	10	13.87	15.00	100	0.430	ambiguous	
Q8WSR4	F006	1565	1698	F007	1699	1848	10	14.23	16.00	100	0.510	ambiguous	
Q8WSR4	F007	1699	1848	F008	1849	2079	10	13.41	15.00	100	0.450	ambiguous	
Q8WSR4	F008	1849	2079	F009	2080	2244	10	12.15	12.50	100	0.160	ambiguous	
Q8WSR4	F009	2080	2244	F010	2245	2439	10	12.66	13.00	100	0.150	ambiguous	
Q8WSR4	F010	2245	2439	F011	2440	2693	10	14.14	16.00	100	0.510	ambiguous	
Q5S007	F001	5	105	F002	106	337	10	7.55	8.00	100	0.000	ambiguous	
Q5S007	F002	106	337	F003	338	521	10	10.52	11.00	100	0.030	ambiguous	
Q5S007	F003	338	521	F004	522	829	10	8.08	8.00	100	0.000	ambiguous	
Q5S007	F004	522	829	F005	830	904	10	13.34	14.00	100	0.380	ambiguous	
Q5S007	F005	830	904	F006	905	969	10	13.23	15.00	100	0.460	ambiguous	
Q5S007	F006	905	969	F007	970	1363	10	12.61	14.00	100	0.390	ambiguous	
Q5S007	F007	970	1363	F008	1364	1617	10	10.01	10.00	100	0.160	ambiguous	
Q5S007	F008	1364	1617	F009	1618	1723	10	8.42	8.00	100	0.000	ambiguous	
Q5S007	F009	1618	1723	F010	1724	1802	10	8.06	7.00	100	0.080	ambiguous	
Q5S007	F010	1724	1802	F011	1803	2256	10	8.19	7.00	100	0.110	ambiguous	
Q5S007	F011	1803	2256	F012	2257	2404	10	5.82	6.00	100	0.010	ambiguous	
Q5S007	F012	2257	2404	F013	2405	2482	10	8.82	8.50	100	0.000	ambiguous	
Q61CW2	F001	3	379	F002	380	519	10	9.39	10.00	100	0.010	ambiguous	
Q61CW2	F002	380	519	F003	520	620	10	9.56	10.00	100	0.000	ambiguous	
Q61CW2	F003	520	620	F004	621	724	10	9.35	10.00	100	0.000	ambiguous	
Q61CW2	F004	621	724	F005	725	789	10	7.94	7.00	100	0.000	ambiguous	
Q61CW2	F005	725	789	F006	790	1033	10	15.10	16.00	100	0.570	support_split	
Q61CW2	F006	790	1033	F007	1034	1111	10	12.19	12.00	100	0.240	ambiguous	
Q61CW2	F007	1034	1111	F008	1112	1438	10	8.37	8.00	100	0.020	ambiguous	
Q61CW2	F008	1112	1438	F009	1439	1534	10	8.61	8.00	100	0.050	ambiguous	
Q61CW2	F009	1439	1534	F010	1535	1805	10	11.18	12.00	100	0.100	ambiguous	
Q61CW2	F010	1535	1805	F011	1806	2071	10	7.90	8.00	100	0.050	ambiguous	
Q61CW2	F011	1806	2071	F012	2072	2124	10	8.51	9.00	100	0.000	ambiguous	
Q61CW2	F012	2072	2124	F013	2125	2240	10	6.44	6.00	100	0.000	ambiguous	
Q61CW2	F013	2125	2240	F014	2241	2313	10	10.22	10.00	100	0.080	ambiguous	
Q2TXG3	F001	11	1086	F002	1087	2026	10	13.22	14.00	100	0.320	ambiguous	
Q54JE1	F001	11	461	F002	462	977	10	9.36	9.00	100	0.000	ambiguous	
Q54JE1	F002	462	977	F003	978	1515	10	15.19	15.50	100	0.500	support_split	
Q54JE1	F003	978	1515	F004	1516	1864	10	3.78	3.00	100	0.000	suggest_merge	
Q9USR3	F001	40	96	F002	97	159	10	7.14	7.00	100	0.000	ambiguous	
Q9USR3	F002	97	159	F003	160	228	10	6.26	6.00	100	0.000	ambiguous	
Q9USR3	F003	160	228	F004	229	432	10	9.37	10.00	100	0.000	ambiguous	
Q9USR3	F004	229	432	F005	433	977	10	10.08	10.00	100	0.020	ambiguous	
Q9USR3	F005	433	977	F006	978	1600	10	12.88	14.00	100	0.210	ambiguous	
Q9USR3	F006	978	1600	F007	1601	1877	10	10.32	11.00	100	0.000	ambiguous	
Q64632	F001	22	622	F002	623	769	10	12.92	13.00	100	0.330	ambiguous	
Q64632	F002	623	769	F003	770	1117	10	5.08	5.00	100	0.000	ambiguous	
Q64632	F003	770	1117	F004	1118	1415	10	14.57	15.00	100	0.490	ambiguous	
Q64632	F004	1118	1415	F005	1416	1612	10	13.56	15.00	100	0.480	ambiguous	
Q64632	F005	1416	1612	F006	1613	1763	10	14.69	16.00	100	0.540	ambiguous	
Q9HH84	F001	1	270	F002	271	387	10	2.43	2.00	100	0.000	suggest_merge	
Q9HH84	F002	271	387	F003	388	489	10	9.91	10.00	100	0.100	ambiguous	
Q9HH84	F003	388	489	F004	490	930	10	14.39	16.00	100	0.540	ambiguous	
Q9HH84	F004	490	930	F005	931	1028	10	7.91	7.00	100	0.020	ambiguous	
Q9HH84	F005	931	1028	F006	1029	1174	10	14.86	15.00	100	0.460	ambiguous	
Q9HH84	F006	1029	1174	F007	1175	1465	10	5.89	6.00	100	0.000	ambiguous	
Q9HH84	F007	1175	1465	F008	1466	1691	10	16.07	17.00	100	0.530	support_split	
P47171	F001	4	335	F002	336	454	10	13.88	15.00	100	0.460	ambiguous	
P47171	F002	336	454	F003	455	704	10	11.37	12.00	100	0.050	ambiguous	
P47171	F003	455	704	F004	705	1610	10	12.70	13.00	100	0.070	ambiguous	
Q24K09	F001	10	110	F002	111	238	10	13.68	15.50	100	0.500	ambiguous	
Q24K09	F002	111	238	F003	239	392	10	11.70	13.00	100	0.270	ambiguous	
Q24K09	F003	239	392	F004	393	603	10	11.65	13.00	100	0.070	ambiguous	
Q24K09	F004	393	603	F005	604	954	10	15.00	16.00	100	0.570	ambiguous	
Q24K09	F005	604	954	F006	955	1117	10	10.83	10.00	100	0.130	ambiguous	
Q24K09	F006	955	1117	F007	1118	1611	10	13.90	16.00	100	0.510	ambiguous	
Q9ZGI3	F001	1	168	F002	169	910	10	8.66	8.00	100	0.060	ambiguous	
Q9ZGI3	F002	169	910	F003	911	1378	10	16.53	17.00	100	0.580	support_split	
Q9ZGI3	F003	911	1378	F004	1379	1484	10	15.13	16.50	100	0.580	support_split	
Q5HGG7	F001	1	170	F002	171	1438	10	12.64	13.00	100	0.340	ambiguous	
Q9WU60	F001	49	211	F002	212	578	10	8.59	7.00	100	0.120	ambiguous	
Q9WU60	F002	212	578	F003	579	1032	10	7.61	7.00	100	0.090	ambiguous	
Q9WU60	F003	579	1032	F004	1033	1337	10	7.65	7.00	100	0.040	ambiguous	
Q9WU60	F004	1033	1337	F005	1338	1414	10	14.11	15.00	100	0.470	ambiguous	
Q8NDG6	F001	17	73	F002	74	376	10	12.38	13.00	100	0.310	ambiguous	
Q8NDG6	F002	74	376	F003	377	889	10	9.37	9.00	100	0.050	ambiguous	
Q8NDG6	F003	377	889	F004	890	1113	10	14.22	14.00	100	0.370	ambiguous	
Q8NDG6	F004	890	1113	F005	1114	1363	10	13.32	15.00	100	0.380	ambiguous	
Q9UTL9	F001	1	400	F002	401	671	10	9.57	10.00	100	0.000	ambiguous	
Q9UTL9	F002	401	671	F003	672	1026	10	9.44	10.00	100	0.000	ambiguous	
Q9UTL9	F003	672	1026	F004	1027	1151	10	9.77	10.00	100	0.000	ambiguous	
Q9UTL9	F004	1027	1151	F005	1152	1341	10	12.66	12.50	100	0.270	ambiguous	
Q99ZW2	F001	1	770	F002	771	1015	10	11.46	12.00	100	0.080	ambiguous	
Q99ZW2	F002	771	1015	F003	1016	1368	10	9.58	9.00	100	0.040	ambiguous	
Q9F930	F001	1	68	F002	69	1219	10	11.97	13.00	100	0.250	ambiguous	
Q9F930	F002	69	1219	F003	1220	1287	10	12.37	14.00	100	0.340	ambiguous	
Q27533	F001	1	120	F002	121	494	10	11.23	12.00	100	0.080	ambiguous	
Q27533	F002	121	494	F003	495	568	10	11.14	12.00	100	0.070	ambiguous	
Q27533	F003	495	568	F004	569	794	10	11.50	12.00	100	0.110	ambiguous	
Q27533	F004	569	794	F005	795	1210	10	14.20	15.50	100	0.500	ambiguous	
Q2EEX2	F001	15	165	F002	166	234	10	9.69	10.00	100	0.090	ambiguous	
Q2EEX2	F002	166	234	F003	235	393	10	14.41	16.00	100	0.530	ambiguous	
Q2EEX2	F003	235	393	F004	394	890	10	14.68	16.00	100	0.580	ambiguous	
Q2EEX2	F004	394	890	F005	891	945	10	8.59	9.00	100	0.030	ambiguous	
Q2EEX2	F005	891	945	F006	946	1224	10	15.65	16.50	100	0.580	support_split	
Q9NZ71	F001	1	90	F002	91	299	10	15.66	17.00	100	0.620	support_split	
Q9NZ71	F002	91	299	F003	300	410	10	12.61	14.00	100	0.290	ambiguous	
Q9NZ71	F003	300	410	F004	411	797	10	11.75	12.00	100	0.120	ambiguous	
Q9NZ71	F004	411	797	F005	798	865	10	14.96	16.00	100	0.560	ambiguous	
Q9NZ71	F005	798	865	F006	866	1022	10	13.34	14.00	100	0.440	ambiguous	
Q9NZ71	F006	866	1022	F007	1023	1175	10	12.87	14.00	100	0.360	ambiguous	
Q88FX8	F001	3	759	F002	760	1065	10	11.29	11.00	100	0.240	ambiguous	
Q88FX8	F002	760	1065	F003	1066	1187	10	13.12	13.00	100	0.340	ambiguous	
Q8BND3	F001	1	401	F002	402	460	10	10.71	11.00	100	0.070	ambiguous	
Q8BND3	F002	402	460	F003	461	1009	10	10.19	10.00	100	0.000	ambiguous	
Q8BND3	F003	461	1009	F004	1010	1131	10	8.89	9.00	100	0.080	ambiguous	
Q8BND3	F004	1010	1131	F005	1132	1181	10	13.04	14.00	100	0.280	ambiguous	
Q58914	F001	1	55	F002	56	145	10	14.85	16.50	100	0.610	ambiguous	
Q58914	F002	56	145	F003	146	933	10	9.49	10.00	100	0.000	ambiguous	
Q58914	F003	146	933	F004	934	1041	10	5.23	5.00	100	0.000	ambiguous	
Q58914	F004	934	1041	F005	1042	1175	10	14.59	14.50	100	0.440	ambiguous	
Q45716	F001	16	281	F002	282	800	10	10.75	12.00	100	0.180	ambiguous	
Q45716	F002	282	800	F003	801	1082	10	16.01	17.00	100	0.610	support_split	
Q27607	F001	25	227	F002	228	611	10	15.31	17.00	100	0.600	support_split	
Q27607	F002	228	611	F003	612	1145	10	12.02	13.00	100	0.190	ambiguous	
Q21049	F001	16	155	F002	156	232	10	13.11	14.00	100	0.270	ambiguous	
Q21049	F002	156	232	F003	233	544	10	15.78	16.50	100	0.570	support_split	
Q21049	F003	233	544	F004	545	629	10	13.13	14.00	100	0.410	ambiguous	
Q21049	F004	545	629	F005	630	768	10	13.15	14.50	100	0.410	ambiguous	
Q21049	F005	630	768	F006	769	1127	10	13.02	15.00	100	0.420	ambiguous	
Q21534	F001	1	65	F002	66	363	10	13.17	14.00	100	0.360	ambiguous	
Q21534	F002	66	363	F003	364	553	10	7.23	8.00	100	0.000	ambiguous	
Q21534	F003	364	553	F004	554	1078	10	12.80	13.00	100	0.180	ambiguous	
W0TFN1	F001	1	502	F002	503	555	10	15.71	17.00	100	0.650	support_split	
W0TFN1	F002	503	555	F003	556	734	10	13.01	14.00	100	0.360	ambiguous	
W0TFN1	F003	556	734	F004	735	796	10	15.10	16.00	100	0.530	support_split	
W0TFN1	F004	735	796	F005	797	922	10	11.54	12.00	100	0.090	ambiguous	
W0TFN1	F005	797	922	F006	923	980	10	12.96	14.00	100	0.280	ambiguous	
W0TFN1	F006	923	980	F007	981	1084	10	9.96	10.00	100	0.120	ambiguous	
Q1ZXK2	F001	39	393	F002	394	617	10	14.65	16.00	100	0.520	ambiguous	
Q1ZXK2	F002	394	617	F003	618	684	10	14.99	17.00	100	0.570	ambiguous	
Q1ZXK2	F003	618	684	F004	685	1033	10	14.50	16.00	100	0.520	ambiguous	
Q81BF4	F001	1	471	F002	472	651	10	14.89	16.00	100	0.520	ambiguous	
Q81BF4	F002	472	651	F003	652	1065	10	15.37	17.00	100	0.550	support_split	
Q8K2I9	F001	5	105	F002	106	202	10	12.17	13.00	100	0.270	ambiguous	
Q8K2I9	F002	106	202	F003	203	427	10	13.70	15.00	100	0.370	ambiguous	
Q8K2I9	F003	203	427	F004	428	1042	10	15.55	17.00	100	0.590	support_split	
Q6Z4T5	F001	15	132	F002	133	599	10	14.33	15.00	100	0.490	ambiguous	
Q6Z4T5	F002	133	599	F003	600	663	10	7.53	8.00	100	0.000	ambiguous	
Q6Z4T5	F003	600	663	F004	664	1033	10	12.49	13.00	100	0.280	ambiguous	
Q69ZX6	F001	1	687	F002	688	876	10	11.68	12.00	100	0.250	ambiguous	
Q69ZX6	F002	688	876	F003	877	1030	10	13.28	14.00	100	0.420	ambiguous	
Q2U3V3	F001	1	628	F002	629	1026	10	12.34	13.00	100	0.150	ambiguous	
Q8LPR9	F001	35	697	F002	698	1008	10	12.72	13.00	100	0.320	ambiguous	
Q29FS3	F001	1	92	F002	93	296	10	12.10	12.50	100	0.350	ambiguous	
Q29FS3	F002	93	296	F003	297	434	10	9.34	9.50	100	0.060	ambiguous	
Q29FS3	F003	297	434	F004	435	876	10	14.90	17.00	100	0.560	ambiguous	
Q29FS3	F004	435	876	F005	877	1005	10	13.70	15.00	100	0.440	ambiguous	
Q2GXG8	F001	1	107	F002	108	630	10	7.43	8.00	100	0.030	ambiguous	
Q2GXG8	F002	108	630	F003	631	822	10	10.94	11.00	100	0.200	ambiguous	
Q2GXG8	F003	631	822	F004	823	927	10	11.56	12.00	100	0.220	ambiguous	
Q2GXG8	F004	823	927	F005	928	995	10	15.37	17.00	100	0.620	support_split	
Q58Y75	F001	79	132	F002	133	682	10	6.05	6.00	100	0.000	ambiguous	
Q58Y75	F002	133	682	F003	683	974	10	15.78	17.00	100	0.560	support_split	
Q9M2T1	F001	1	145	F002	146	369	10	16.30	19.00	100	0.650	support_split	
Q9M2T1	F002	146	369	F003	370	547	10	9.19	10.00	100	0.010	ambiguous	
Q9M2T1	F003	370	547	F004	548	640	10	14.11	14.00	100	0.380	ambiguous	
Q9M2T1	F004	548	640	F005	641	777	10	12.11	13.00	100	0.290	ambiguous	
Q9M2T1	F005	641	777	F006	778	882	10	13.03	14.00	100	0.320	ambiguous	
Q9M2T1	F006	778	882	F007	883	986	10	6.58	7.00	100	0.000	ambiguous	
Q9FX32	F001	7	845	F002	846	906	10	13.41	15.00	100	0.450	ambiguous	
Q5PQP9	F001	31	99	F002	100	433	10	13.44	14.50	100	0.400	ambiguous	
Q5PQP9	F002	100	433	F003	434	493	10	17.71	19.00	100	0.700	support_split	
Q5PQP9	F003	434	493	F004	494	720	10	14.73	16.00	100	0.550	ambiguous	
Q5PQP9	F004	494	720	F005	721	926	10	16.12	17.50	100	0.630	support_split	
Q6C1B1	F001	29	405	F002	406	844	10	14.88	14.00	100	0.410	ambiguous	
