uniprot	fragment_id_new	start	end	length	plddt_min	plddt_mean	plddt_max	n_low_lt50	source_frags	action
Q8WSR4	F001	4	673	670	41.35	81.43	92.39	6	F002	keep
Q8WSR4	F002	674	919	246	28.43	71.58	90.14	33	F003	keep
Q8WSR4	F003	920	1002	83	24.60	59.40	88.69	37	F004	keep
Q8WSR4	F004	1003	1131	129	29.47	69.36	88.24	21	F005	keep
Q8WSR4	F005	1132	1564	433	26.82	71.77	89.61	30	F006+F007+F008	keep
Q8WSR4	F006	1565	1698	134	29.50	73.00	88.92	18	F009	keep
Q8WSR4	F007	1699	1848	150	23.25	61.24	91.31	56	F010	keep
Q8WSR4	F008	1849	2079	231	22.67	69.63	92.73	51	F011	keep
Q8WSR4	F009	2080	2244	165	33.30	77.48	89.97	10	F012	keep
Q8WSR4	F010	2245	2439	195	22.18	68.50	87.88	29	F013+F014	keep
Q8WSR4	F011	2440	2693	254	25.15	71.92	92.22	41	F015+F016	keep
Q5S007	F001	5	105	101	36.13	73.37	87.81	8	F002	keep
Q5S007	F002	106	337	232	32.99	80.04	92.80	12	F003	keep
Q5S007	F003	338	521	184	31.81	81.30	93.43	11	F004	keep
Q5S007	F004	522	829	308	32.45	77.56	90.52	6	F005	keep
Q5S007	F005	830	904	75	26.48	41.48	81.02	56	F006	keep
Q5S007	F006	905	969	65	21.51	32.83	54.24	62	F007	keep
Q5S007	F007	970	1363	394	26.27	82.43	95.30	18	F008	keep
Q5S007	F008	1364	1617	254	36.54	78.09	93.16	6	F009	keep
Q5S007	F009	1618	1723	106	37.43	77.66	94.37	5	F010	keep
Q5S007	F010	1724	1802	79	38.50	78.88	95.11	5	F011	keep
Q5S007	F011	1803	2256	454	44.45	81.59	97.11	6	F012	keep
Q5S007	F012	2257	2404	148	37.60	81.66	93.02	7	F013	keep
Q5S007	F013	2405	2482	78	34.33	78.78	93.51	8	F014	keep
Q61CW2	F001	3	379	377	38.58	71.16	86.89	5	F002	keep
Q61CW2	F002	380	519	140	35.82	72.20	87.75	10	F003	keep
Q61CW2	F003	520	620	101	36.01	64.71	86.86	13	F004	keep
Q61CW2	F004	621	724	104	37.87	68.34	90.07	8	F005	keep
Q61CW2	F005	725	789	65	28.89	77.11	94.30	11	F006	keep
Q61CW2	F006	790	1033	244	28.68	80.20	94.37	14	F007	keep
Q61CW2	F007	1034	1111	78	40.78	71.78	86.57	6	F008	keep
Q61CW2	F008	1112	1438	327	45.20	74.43	91.05	9	F009+F010	keep
Q61CW2	F009	1439	1534	96	34.16	79.38	91.51	7	F011	keep
Q61CW2	F010	1535	1805	271	38.70	80.38	93.02	10	F012	keep
Q61CW2	F011	1806	2071	266	27.40	78.13	94.44	28	F013+F014	keep
Q61CW2	F012	2072	2124	53	41.24	76.00	91.24	4	F015	keep
Q61CW2	F013	2125	2240	116	25.70	74.38	91.47	15	F016	keep
Q61CW2	F014	2241	2313	73	27.81	69.40	91.00	13	F017	keep
Q2TXG3	F001	11	1086	1076	24.79	88.66	98.41	15	F002	keep
Q2TXG3	F002	1087	2026	940	33.74	87.76	97.13	5	F003	keep
Q54JE1	F001	11	461	451	33.13	79.38	95.32	15	F002	keep
Q54JE1	F002	462	977	516	7.00	81.90	95.34	7	F003	keep
Q54JE1	F003	978	1515	538	20.12	79.24	93.99	6	F004	keep
Q54JE1	F004	1516	1864	349	29.83	79.27	92.84	8	F005	keep
Q9USR3	F001	40	96	57	39.24	66.00	84.21	13	F003	keep
Q9USR3	F002	97	159	63	42.29	72.94	88.73	7	F004	keep
Q9USR3	F003	160	228	69	44.03	70.49	87.09	9	F005	keep
Q9USR3	F004	229	432	204	43.82	70.61	85.48	15	F006+F007	keep
Q9USR3	F005	433	977	545	26.43	77.59	95.31	39	F008+F009	keep
Q9USR3	F006	978	1600	623	37.56	83.20	94.67	17	F010	keep
Q9USR3	F007	1601	1877	277	36.76	86.69	97.78	9	F011	keep
Q64632	F001	22	622	601	30.32	83.28	96.93	11	F003	keep
Q64632	F002	623	769	147	27.90	67.79	90.75	27	F004+F005	keep
Q64632	F003	770	1117	348	27.78	76.74	94.93	31	F006+F007+F008	keep
Q64632	F004	1118	1415	298	24.08	65.25	95.14	105	F009	keep
Q64632	F005	1416	1612	197	23.16	52.68	93.12	105	F010	keep
Q64632	F006	1613	1763	151	22.32	59.50	92.35	56	F011	keep
Q9HH84	F001	1	270	270	47.15	90.79	98.04	2	F001	keep
Q9HH84	F002	271	387	117	39.69	80.19	97.05	7	F002	keep
Q9HH84	F003	388	489	102	36.39	69.40	87.18	8	F003	keep
Q9HH84	F004	490	930	441	35.12	85.33	95.54	11	F004+F005	keep
Q9HH84	F005	931	1028	98	40.68	73.98	88.99	5	F006	keep
Q9HH84	F006	1029	1174	146	34.97	73.97	91.21	10	F007+F008	keep
Q9HH84	F007	1175	1465	291	28.45	84.01	97.30	10	F009+F010	keep
Q9HH84	F008	1466	1691	226	26.91	78.10	92.55	12	F011	keep
P47171	F001	4	335	332	25.28	71.82	92.92	47	F002	keep
P47171	F002	336	454	119	24.40	58.88	90.89	51	F003+F004	keep
P47171	F003	455	704	250	34.03	74.38	90.58	23	F005+F006	keep
P47171	F004	705	1610	906	31.31	82.78	95.69	23	F007	keep
Q24K09	F001	10	110	101	28.78	70.67	92.83	25	F002	keep
Q24K09	F002	111	238	128	28.40	34.70	53.64	126	F003	keep
Q24K09	F003	239	392	154	27.57	45.53	89.76	114	F004	keep
Q24K09	F004	393	603	211	32.59	81.28	94.22	13	F005	keep
Q24K09	F005	604	954	351	32.26	83.87	98.47	22	F006+F007	keep
Q24K09	F006	955	1117	163	32.30	86.74	98.34	14	F008	keep
Q24K09	F007	1118	1611	494	25.10	90.23	98.74	12	F009	keep
Q9ZGI3	F001	1	168	168	44.75	89.21	98.87	3	F001	keep
Q9ZGI3	F002	169	910	742	38.09	92.48	98.94	6	F002	keep
Q9ZGI3	F003	911	1378	468	33.35	88.26	98.54	14	F003	keep
Q9ZGI3	F004	1379	1484	106	25.05	76.68	93.83	12	F004	keep
Q5HGG7	F001	1	170	170	42.56	86.08	94.74	4	F001	keep
Q5HGG7	F002	171	1438	1268	35.94	90.08	98.62	32	F002+F003	keep
Q9WU60	F001	49	211	163	22.69	68.22	95.50	49	F002	keep
Q9WU60	F002	212	578	367	38.35	88.86	98.16	5	F003	keep
Q9WU60	F003	579	1032	454	38.53	83.45	98.17	9	F004	keep
Q9WU60	F004	1033	1337	305	33.56	81.39	95.90	21	F005	keep
Q9WU60	F005	1338	1414	77	26.56	55.35	78.69	27	F006	keep
Q8NDG6	F001	17	73	57	17.77	30.41	67.01	50	F002	keep
Q8NDG6	F002	74	376	303	22.97	77.70	97.72	51	F003	keep
Q8NDG6	F003	377	889	513	27.57	85.52	98.09	10	F004	keep
Q8NDG6	F004	890	1113	224	28.14	84.67	94.28	12	F005	keep
Q8NDG6	F005	1114	1363	250	27.37	84.50	97.18	12	F006	keep
Q9UTL9	F001	1	400	400	46.18	80.52	96.95	5	F001	keep
Q9UTL9	F002	401	671	271	40.20	82.12	95.96	5	F002	keep
Q9UTL9	F003	672	1026	355	46.14	82.89	95.29	6	F003	keep
Q9UTL9	F004	1027	1151	125	30.68	75.32	89.91	12	F004	keep
Q9UTL9	F005	1152	1341	190	25.20	77.02	94.93	21	F005	keep
Q99ZW2	F001	1	770	770	37.02	89.86	98.61	6	F001	keep
Q99ZW2	F002	771	1015	245	37.65	83.95	98.28	8	F002	keep
Q99ZW2	F003	1016	1368	353	39.76	88.71	98.03	2	F003	keep
Q9F930	F001	1	68	68	23.16	30.50	46.77	68	F001	keep
Q9F930	F002	69	1219	1151	26.04	89.24	98.95	136	F002	keep
Q9F930	F003	1220	1287	68	28.99	34.32	39.63	68	F003	keep
Q27533	F001	1	120	120	30.11	80.76	92.65	7	F001	keep
Q27533	F002	121	494	374	29.37	81.08	96.55	14	F002	keep
Q27533	F003	495	568	74	31.25	69.42	89.95	14	F003	keep
Q27533	F004	569	794	226	20.73	76.57	95.60	34	F004	keep
Q27533	F005	795	1210	416	18.00	77.12	97.78	73	F005	keep
Q2EEX2	F001	15	165	151	23.51	73.39	93.23	20	F002	keep
Q2EEX2	F002	166	234	69	35.42	73.40	89.41	11	F003	keep
Q2EEX2	F003	235	393	159	26.66	70.35	91.95	30	F004+F005	keep
Q2EEX2	F004	394	890	497	24.30	72.10	96.88	107	F006+F007+F008+F009	keep
Q2EEX2	F005	891	945	55	22.72	33.74	51.24	54	F010	keep
Q2EEX2	F006	946	1224	279	28.62	79.06	97.31	54	F011	keep
Q9NZ71	F001	1	90	90	34.96	83.17	97.37	12	F001	keep
Q9NZ71	F002	91	299	209	28.31	81.22	97.63	19	F002	keep
Q9NZ71	F003	300	410	111	27.01	77.69	93.88	14	F003	keep
Q9NZ71	F004	411	797	387	25.36	80.47	97.46	60	F004+F005	keep
Q9NZ71	F005	798	865	68	23.55	31.59	60.75	63	F006	keep
Q9NZ71	F006	866	1022	157	25.48	63.13	90.54	62	F007	keep
Q9NZ71	F007	1023	1175	153	23.00	62.35	94.66	66	F008	keep
Q9YC75	F001	1	1210	1210	31.51	89.36	98.47	8	F001	keep
Q88FX8	F001	3	759	757	24.97	93.29	98.89	18	F002	keep
Q88FX8	F002	760	1065	306	26.39	84.69	97.80	25	F003	keep
Q88FX8	F003	1066	1187	122	34.27	82.65	95.72	6	F004	keep
Q8BND3	F001	1	401	401	33.12	88.96	97.62	11	F001	keep
Q8BND3	F002	402	460	59	32.42	81.37	95.94	8	F002	keep
Q8BND3	F003	461	1009	549	33.03	84.03	97.00	28	F003+F004+F005	keep
Q8BND3	F004	1010	1131	122	36.21	80.67	93.44	13	F006	keep
Q8BND3	F005	1132	1181	50	38.22	78.83	90.21	3	F007	keep
Q58914	F001	1	55	55	45.25	68.15	91.47	4	F001	keep
Q58914	F002	56	145	90	36.67	71.27	95.75	11	F002+F003	keep
Q58914	F003	146	933	788	34.77	86.54	98.35	10	F004	keep
Q58914	F004	934	1041	108	31.22	78.82	98.38	9	F005	keep
Q58914	F005	1042	1175	134	30.03	78.40	93.02	6	F006	keep
Q45716	F001	16	281	266	27.10	89.07	98.57	18	F002	keep
Q45716	F002	282	800	519	25.23	86.22	98.55	31	F003+F004	keep
Q45716	F003	801	1082	282	24.80	79.88	96.28	43	F005	keep
Q27607	F001	25	227	203	25.49	81.28	98.25	31	F002	keep
Q27607	F002	228	611	384	26.76	83.18	98.25	20	F003	keep
Q27607	F003	612	1145	534	27.83	83.08	97.94	24	F004+F005	keep
Q21049	F001	16	155	140	34.63	77.52	94.93	17	F002	keep
Q21049	F002	156	232	77	24.81	73.60	93.80	12	F003	keep
Q21049	F003	233	544	312	24.76	79.67	94.94	38	F004	keep
Q21049	F004	545	629	85	22.10	44.81	82.31	50	F005	keep
Q21049	F005	630	768	139	24.05	46.28	93.53	95	F006	keep
Q21049	F006	769	1127	359	23.88	77.31	98.63	82	F007	keep
Q5M2T6	F001	1	1089	1089	23.01	87.88	98.12	19	F001	keep
Q21534	F001	1	65	65	23.17	50.63	76.49	33	F001	keep
Q21534	F002	66	363	298	23.71	75.80	92.78	35	F002	keep
Q21534	F003	364	553	190	39.23	82.06	93.21	9	F003	keep
Q21534	F004	554	1078	525	27.36	82.60	96.04	23	F004	keep
W0TFN1	F001	1	502	502	34.79	80.73	92.46	8	F001	keep
W0TFN1	F002	503	555	53	28.83	51.08	81.03	30	F002	keep
W0TFN1	F003	556	734	179	24.41	75.54	91.10	29	F003	keep
W0TFN1	F004	735	796	62	36.65	68.76	84.91	12	F004	keep
W0TFN1	F005	797	922	126	27.55	64.44	88.73	34	F005+F006	keep
W0TFN1	F006	923	980	58	23.11	28.79	50.09	57	F007	keep
W0TFN1	F007	981	1084	104	20.74	58.77	86.09	34	F008	keep
Q1ZXK2	F001	39	393	355	41.13	81.48	97.33	21	F003	keep
Q1ZXK2	F002	394	617	224	32.23	55.92	84.51	102	F004+F005+F006+F007+F008+F009+F010	keep
Q1ZXK2	F003	618	684	67	32.52	75.04	93.38	12	F011	keep
Q1ZXK2	F004	685	1033	349	26.77	87.15	97.85	29	F012+F013	keep
Q81BF4	F001	1	471	471	24.97	88.89	98.86	16	F001	keep
Q81BF4	F002	472	651	180	25.45	82.73	98.70	16	F002	keep
Q81BF4	F003	652	1065	414	38.76	91.12	98.63	10	F003+F004	keep
Q60042	F001	21	1055	1035	26.05	92.93	98.92	21	F002	keep
Q8K2I9	F001	5	105	101	23.38	36.01	61.87	90	F002	keep
Q8K2I9	F002	106	202	97	22.77	31.54	61.28	94	F003	keep
Q8K2I9	F003	203	427	225	23.06	84.77	96.26	15	F004	keep
Q8K2I9	F004	428	1042	615	25.12	88.54	97.21	9	F005	keep
Q6Z4T5	F001	15	132	118	22.32	30.32	50.24	117	F002	keep
Q6Z4T5	F002	133	599	467	22.59	77.09	98.20	108	F003	keep
Q6Z4T5	F003	600	663	64	25.94	72.88	96.10	12	F004	keep
Q6Z4T5	F004	664	1033	370	25.61	89.42	98.62	10	F005	keep
Q69ZX6	F001	1	687	687	26.20	85.02	98.86	97	F001	keep
Q69ZX6	F002	688	876	189	27.54	52.24	94.12	119	F002	keep
Q69ZX6	F003	877	1030	154	31.78	78.47	93.07	25	F003	keep
Q2U3V3	F001	1	628	628	37.87	89.43	98.11	7	F001	keep
Q2U3V3	F002	629	1026	398	42.81	88.97	98.10	9	F002	keep
Q8LPR9	F001	35	697	663	23.41	78.79	95.27	57	F002+F003	keep
Q8LPR9	F002	698	1008	311	34.85	78.35	90.65	9	F004	keep
Q29FS3	F001	1	92	92	34.14	84.06	97.86	12	F001	keep
Q29FS3	F002	93	296	204	32.82	86.78	97.77	15	F002	keep
Q29FS3	F003	297	434	138	25.83	81.12	97.44	18	F003	keep
Q29FS3	F004	435	876	442	20.48	75.49	98.22	106	F004+F005+F006+F007+F008	keep
Q29FS3	F005	877	1005	129	20.11	63.83	90.53	41	F009	keep
Q5YZ84	F001	4	1004	1001	44.49	92.86	98.75	2	F002	keep
Q52978	F001	11	999	989	33.96	89.98	98.28	10	F002	keep
Q2GXG8	F001	1	107	107	37.70	83.74	98.34	12	F001+F002	keep
Q2GXG8	F002	108	630	523	22.84	80.82	98.66	92	F003+F004+F005	keep
Q2GXG8	F003	631	822	192	28.92	89.19	98.69	12	F006	keep
Q2GXG8	F004	823	927	105	23.04	80.23	97.19	20	F007	keep
Q2GXG8	F005	928	995	68	28.31	80.91	97.44	15	F008	keep
Q58Y75	F001	79	132	54	41.01	72.83	88.60	7	F004	keep
Q58Y75	F002	133	682	550	35.39	83.94	95.80	4	F005	keep
Q58Y75	F003	683	974	292	33.98	80.02	96.71	20	F006	keep
Q9M2T1	F001	1	145	145	21.50	85.39	98.15	15	F001	keep
Q9M2T1	F002	146	369	224	21.48	81.40	97.86	28	F002+F003	keep
Q9M2T1	F003	370	547	178	34.58	84.64	98.65	19	F004+F005	keep
Q9M2T1	F004	548	640	93	24.64	51.31	93.47	59	F006	keep
Q9M2T1	F005	641	777	137	20.63	57.99	94.52	64	F007	keep
Q9M2T1	F006	778	882	105	25.73	81.67	96.17	12	F008	keep
Q9M2T1	F007	883	986	104	32.38	86.36	98.05	4	F009	keep
Q744V3	F001	10	969	960	28.61	91.43	98.81	11	F002	keep
Q46337	F001	3	967	965	49.19	97.65	98.95	1	F002	keep
Q9FX32	F001	7	845	839	26.48	91.02	98.90	39	F002	keep
Q9FX32	F002	846	906	61	23.40	45.33	72.46	36	F003	keep
Q47BK5	F001	1	932	932	43.56	95.05	98.91	1	F001	keep
Q5PQP9	F001	31	99	69	24.19	68.02	94.82	24	F003	keep
Q5PQP9	F002	100	433	334	23.26	88.26	98.66	32	F004	keep
Q5PQP9	F003	434	493	60	22.17	41.50	71.26	37	F005	keep
Q5PQP9	F004	494	720	227	21.92	82.25	98.35	32	F006	keep
Q5PQP9	F005	721	926	206	36.06	86.30	95.22	8	F007	keep
Q6C1B1	F001	29	405	377	25.63	78.73	97.66	34	F002	keep
Q6C1B1	F002	406	844	439	30.68	86.81	97.81	12	F003	keep
