uniprot	n_res	fragment_id	start	end	length	plddt_min	plddt_mean	plddt_max	n_low_lt50	kept
Q8WSR4	2698	F001	1	3	3	32.41	38.01	42.35	3	0
Q8WSR4	2698	F002	4	673	670	41.35	81.43	92.39	6	1
Q8WSR4	2698	F003	674	919	246	28.43	71.58	90.14	33	1
Q8WSR4	2698	F004	920	1002	83	24.60	59.40	88.69	37	1
Q8WSR4	2698	F005	1003	1131	129	29.47	69.36	88.24	21	1
Q8WSR4	2698	F006	1132	1551	420	26.82	72.66	89.61	19	1
Q8WSR4	2698	F007	1552	1555	4	37.96	47.03	52.07	3	0
Q8WSR4	2698	F008	1556	1564	9	34.12	41.39	50.41	8	0
Q8WSR4	2698	F009	1565	1698	134	29.50	73.00	88.92	18	1
Q8WSR4	2698	F010	1699	1848	150	23.25	61.24	91.31	56	1
Q8WSR4	2698	F011	1849	2079	231	22.67	69.63	92.73	51	1
Q8WSR4	2698	F012	2080	2244	165	33.30	77.48	89.97	10	1
Q8WSR4	2698	F013	2245	2424	180	27.84	71.12	87.88	15	1
Q8WSR4	2698	F014	2425	2439	15	22.18	37.03	57.88	14	0
Q8WSR4	2698	F015	2440	2459	20	25.15	36.46	53.06	19	0
Q8WSR4	2698	F016	2460	2693	234	27.65	74.95	92.22	22	1
Q8WSR4	2698	F017	2694	2698	5	35.21	38.74	44.40	5	0
Q5S007	2527	F001	1	4	4	33.85	36.51	40.70	4	0
Q5S007	2527	F002	5	105	101	36.13	73.37	87.81	8	1
Q5S007	2527	F003	106	337	232	32.99	80.04	92.80	12	1
Q5S007	2527	F004	338	521	184	31.81	81.30	93.43	11	1
Q5S007	2527	F005	522	829	308	32.45	77.56	90.52	6	1
Q5S007	2527	F006	830	904	75	26.48	41.48	81.02	56	1
Q5S007	2527	F007	905	969	65	21.51	32.83	54.24	62	1
Q5S007	2527	F008	970	1363	394	26.27	82.43	95.30	18	1
Q5S007	2527	F009	1364	1617	254	36.54	78.09	93.16	6	1
Q5S007	2527	F010	1618	1723	106	37.43	77.66	94.37	5	1
Q5S007	2527	F011	1724	1802	79	38.50	78.88	95.11	5	1
Q5S007	2527	F012	1803	2256	454	44.45	81.59	97.11	6	1
Q5S007	2527	F013	2257	2404	148	37.60	81.66	93.02	7	1
Q5S007	2527	F014	2405	2482	78	34.33	78.78	93.51	8	1
Q5S007	2527	F015	2483	2527	45	31.25	76.81	91.74	6	0
Q61CW2	2313	F001	1	2	2	31.84	33.65	35.46	2	0
Q61CW2	2313	F002	3	379	377	38.58	71.16	86.89	5	1
Q61CW2	2313	F003	380	519	140	35.82	72.20	87.75	10	1
Q61CW2	2313	F004	520	620	101	36.01	64.71	86.86	13	1
Q61CW2	2313	F005	621	724	104	37.87	68.34	90.07	8	1
Q61CW2	2313	F006	725	789	65	28.89	77.11	94.30	11	1
Q61CW2	2313	F007	790	1033	244	28.68	80.20	94.37	14	1
Q61CW2	2313	F008	1034	1111	78	40.78	71.78	86.57	6	1
Q61CW2	2313	F009	1112	1151	40	46.61	64.23	81.26	5	0
Q61CW2	2313	F010	1152	1438	287	45.20	75.85	91.05	4	1
Q61CW2	2313	F011	1439	1534	96	34.16	79.38	91.51	7	1
Q61CW2	2313	F012	1535	1805	271	38.70	80.38	93.02	10	1
Q61CW2	2313	F013	1806	2058	253	27.40	79.82	94.44	16	1
Q61CW2	2313	F014	2059	2071	13	35.06	45.19	50.79	12	0
Q61CW2	2313	F015	2072	2124	53	41.24	76.00	91.24	4	1
Q61CW2	2313	F016	2125	2240	116	25.70	74.38	91.47	15	1
Q61CW2	2313	F017	2241	2313	73	27.81	69.40	91.00	13	1
Q2TXG3	2026	F001	1	10	10	25.83	30.39	35.15	10	0
Q2TXG3	2026	F002	11	1086	1076	24.79	88.66	98.41	15	1
Q2TXG3	2026	F003	1087	2026	940	33.74	87.76	97.13	5	1
Q54JE1	1941	F001	1	10	10	31.75	38.72	43.69	10	0
Q54JE1	1941	F002	11	461	451	33.13	79.38	95.32	15	1
Q54JE1	1941	F003	462	977	516	7.00	81.90	95.34	7	1
Q54JE1	1941	F004	978	1515	538	20.12	79.24	93.99	6	1
Q54JE1	1941	F005	1516	1864	349	29.83	79.27	92.84	8	1
Q54JE1	1941	F006	1865	1905	41	20.65	33.67	53.54	40	0
Q54JE1	1941	F007	1906	1941	36	26.74	33.12	39.26	36	0
Q9USR3	1877	F001	1	2	2	38.10	41.68	45.26	2	0
Q9USR3	1877	F002	3	39	37	40.06	51.91	62.55	14	0
Q9USR3	1877	F003	40	96	57	39.24	66.00	84.21	13	1
Q9USR3	1877	F004	97	159	63	42.29	72.94	88.73	7	1
Q9USR3	1877	F005	160	228	69	44.03	70.49	87.09	9	1
Q9USR3	1877	F006	229	275	47	43.82	65.78	85.48	9	0
Q9USR3	1877	F007	276	432	157	45.67	72.05	84.54	6	1
Q9USR3	1877	F008	433	448	16	31.78	41.00	50.88	15	0
Q9USR3	1877	F009	449	977	529	26.43	78.70	95.31	24	1
Q9USR3	1877	F010	978	1600	623	37.56	83.20	94.67	17	1
Q9USR3	1877	F011	1601	1877	277	36.76	86.69	97.78	9	1
Q64632	1807	F001	1	8	8	31.18	34.86	43.90	8	0
Q64632	1807	F002	9	21	13	32.25	44.00	50.21	12	0
Q64632	1807	F003	22	622	601	30.32	83.28	96.93	11	1
Q64632	1807	F004	623	745	123	29.45	70.80	90.75	15	1
Q64632	1807	F005	746	769	24	27.90	52.37	83.63	12	0
Q64632	1807	F006	770	806	37	37.52	65.90	91.40	9	0
Q64632	1807	F007	807	1074	268	38.19	79.50	94.93	10	1
Q64632	1807	F008	1075	1117	43	27.78	68.82	94.39	12	0
Q64632	1807	F009	1118	1415	298	24.08	65.25	95.14	105	1
Q64632	1807	F010	1416	1612	197	23.16	52.68	93.12	105	1
Q64632	1807	F011	1613	1763	151	22.32	59.50	92.35	56	1
Q64632	1807	F012	1764	1807	44	25.04	28.85	33.30	44	0
Q9HH84	1699	F001	1	270	270	47.15	90.79	98.04	2	1
Q9HH84	1699	F002	271	387	117	39.69	80.19	97.05	7	1
Q9HH84	1699	F003	388	489	102	36.39	69.40	87.18	8	1
Q9HH84	1699	F004	490	528	39	35.12	77.77	92.25	5	0
Q9HH84	1699	F005	529	930	402	36.54	86.06	95.54	6	1
Q9HH84	1699	F006	931	1028	98	40.68	73.98	88.99	5	1
Q9HH84	1699	F007	1029	1074	46	34.97	66.96	83.78	4	0
Q9HH84	1699	F008	1075	1174	100	38.26	77.19	91.21	6	1
Q9HH84	1699	F009	1175	1417	243	38.46	85.70	97.30	5	1
Q9HH84	1699	F010	1418	1465	48	28.45	75.44	90.22	5	0
Q9HH84	1699	F011	1466	1691	226	26.91	78.10	92.55	12	1
Q9HH84	1699	F012	1692	1699	8	27.13	35.79	47.27	8	0
P47171	1648	F001	1	3	3	35.44	39.72	45.81	3	0
P47171	1648	F002	4	335	332	25.28	71.82	92.92	47	1
P47171	1648	F003	336	413	78	24.40	54.33	90.89	42	1
P47171	1648	F004	414	454	41	37.88	67.54	86.88	9	0
P47171	1648	F005	455	473	19	38.05	46.95	54.82	11	0
P47171	1648	F006	474	704	231	34.03	76.64	90.58	12	1
P47171	1648	F007	705	1610	906	31.31	82.78	95.69	23	1
P47171	1648	F008	1611	1648	38	32.08	59.29	85.89	17	0
Q24K09	1611	F001	1	9	9	29.60	32.98	36.39	9	0
Q24K09	1611	F002	10	110	101	28.78	70.67	92.83	25	1
Q24K09	1611	F003	111	238	128	28.40	34.70	53.64	126	1
Q24K09	1611	F004	239	392	154	27.57	45.53	89.76	114	1
Q24K09	1611	F005	393	603	211	32.59	81.28	94.22	13	1
Q24K09	1611	F006	604	640	37	32.26	64.19	94.22	14	0
Q24K09	1611	F007	641	954	314	36.71	86.18	98.47	8	1
Q24K09	1611	F008	955	1117	163	32.30	86.74	98.34	14	1
Q24K09	1611	F009	1118	1611	494	25.10	90.23	98.74	12	1
Q9ZGI3	1562	F001	1	168	168	44.75	89.21	98.87	3	1
Q9ZGI3	1562	F002	169	910	742	38.09	92.48	98.94	6	1
Q9ZGI3	1562	F003	911	1378	468	33.35	88.26	98.54	14	1
Q9ZGI3	1562	F004	1379	1484	106	25.05	76.68	93.83	12	1
Q9ZGI3	1562	F005	1485	1532	48	26.49	52.39	69.60	16	0
Q9ZGI3	1562	F006	1533	1559	27	29.53	42.51	53.82	21	0
Q9ZGI3	1562	F007	1560	1562	3	30.51	34.47	38.13	3	0
Q5HGG7	1438	F001	1	170	170	42.56	86.08	94.74	4	1
Q5HGG7	1438	F002	171	197	27	42.76	48.99	57.75	17	0
Q5HGG7	1438	F003	198	1438	1241	35.94	90.97	98.62	15	1
Q9WU60	1428	F001	1	48	48	21.48	26.20	41.64	48	0
Q9WU60	1428	F002	49	211	163	22.69	68.22	95.50	49	1
Q9WU60	1428	F003	212	578	367	38.35	88.86	98.16	5	1
Q9WU60	1428	F004	579	1032	454	38.53	83.45	98.17	9	1
Q9WU60	1428	F005	1033	1337	305	33.56	81.39	95.90	21	1
Q9WU60	1428	F006	1338	1414	77	26.56	55.35	78.69	27	1
Q9WU60	1428	F007	1415	1428	14	27.00	32.54	39.00	14	0
Q8NDG6	1382	F001	1	16	16	40.59	61.02	74.51	3	0
Q8NDG6	1382	F002	17	73	57	17.77	30.41	67.01	50	1
Q8NDG6	1382	F003	74	376	303	22.97	77.70	97.72	51	1
Q8NDG6	1382	F004	377	889	513	27.57	85.52	98.09	10	1
Q8NDG6	1382	F005	890	1113	224	28.14	84.67	94.28	12	1
Q8NDG6	1382	F006	1114	1363	250	27.37	84.50	97.18	12	1
Q8NDG6	1382	F007	1364	1382	19	32.94	70.50	88.18	4	0
Q9UTL9	1375	F001	1	400	400	46.18	80.52	96.95	5	1
Q9UTL9	1375	F002	401	671	271	40.20	82.12	95.96	5	1
Q9UTL9	1375	F003	672	1026	355	46.14	82.89	95.29	6	1
Q9UTL9	1375	F004	1027	1151	125	30.68	75.32	89.91	12	1
Q9UTL9	1375	F005	1152	1341	190	25.20	77.02	94.93	21	1
Q9UTL9	1375	F006	1342	1374	33	23.72	56.33	86.75	14	0
Q9UTL9	1375	F007	1375	1375	1	29.24	29.24	29.24	1	0
Q99ZW2	1368	F001	1	770	770	37.02	89.86	98.61	6	1
Q99ZW2	1368	F002	771	1015	245	37.65	83.95	98.28	8	1
Q99ZW2	1368	F003	1016	1368	353	39.76	88.71	98.03	2	1
Q9F930	1287	F001	1	68	68	23.16	30.50	46.77	68	1
Q9F930	1287	F002	69	1219	1151	26.04	89.24	98.95	136	1
Q9F930	1287	F003	1220	1287	68	28.99	34.32	39.63	68	1
Q27533	1256	F001	1	120	120	30.11	80.76	92.65	7	1
Q27533	1256	F002	121	494	374	29.37	81.08	96.55	14	1
Q27533	1256	F003	495	568	74	31.25	69.42	89.95	14	1
Q27533	1256	F004	569	794	226	20.73	76.57	95.60	34	1
Q27533	1256	F005	795	1210	416	18.00	77.12	97.78	73	1
Q27533	1256	F006	1211	1256	46	22.15	28.05	38.24	46	0
Q2EEX2	1247	F001	1	14	14	23.05	26.60	31.23	14	0
Q2EEX2	1247	F002	15	165	151	23.51	73.39	93.23	20	1
Q2EEX2	1247	F003	166	234	69	35.42	73.40	89.41	11	1
Q2EEX2	1247	F004	235	267	33	40.84	57.33	77.67	12	0
Q2EEX2	1247	F005	268	393	126	26.66	73.77	91.95	18	1
Q2EEX2	1247	F006	394	789	396	24.83	78.75	96.88	45	1
Q2EEX2	1247	F007	790	838	49	29.67	48.86	73.94	30	0
Q2EEX2	1247	F008	839	843	5	45.58	48.03	51.93	4	0
Q2EEX2	1247	F009	844	890	47	24.30	42.85	61.11	28	0
Q2EEX2	1247	F010	891	945	55	22.72	33.74	51.24	54	1
Q2EEX2	1247	F011	946	1224	279	28.62	79.06	97.31	54	1
Q2EEX2	1247	F012	1225	1247	23	30.46	41.84	48.94	23	0
Q9NZ71	1219	F001	1	90	90	34.96	83.17	97.37	12	1
Q9NZ71	1219	F002	91	299	209	28.31	81.22	97.63	19	1
Q9NZ71	1219	F003	300	410	111	27.01	77.69	93.88	14	1
Q9NZ71	1219	F004	411	439	29	29.46	58.56	94.49	14	0
Q9NZ71	1219	F005	440	797	358	25.36	82.24	97.46	46	1
Q9NZ71	1219	F006	798	865	68	23.55	31.59	60.75	63	1
Q9NZ71	1219	F007	866	1022	157	25.48	63.13	90.54	62	1
Q9NZ71	1219	F008	1023	1175	153	23.00	62.35	94.66	66	1
Q9NZ71	1219	F009	1176	1214	39	28.11	37.86	50.36	38	0
Q9NZ71	1219	F010	1215	1219	5	36.03	38.84	42.08	5	0
Q9YC75	1215	F001	1	1210	1210	31.51	89.36	98.47	8	1
Q9YC75	1215	F002	1211	1215	5	28.02	29.03	31.66	5	0
Q88FX8	1187	F001	1	2	2	27.26	30.51	33.76	2	0
Q88FX8	1187	F002	3	759	757	24.97	93.29	98.89	18	1
Q88FX8	1187	F003	760	1065	306	26.39	84.69	97.80	25	1
Q88FX8	1187	F004	1066	1187	122	34.27	82.65	95.72	6	1
Q8BND3	1181	F001	1	401	401	33.12	88.96	97.62	11	1
Q8BND3	1181	F002	402	460	59	32.42	81.37	95.94	8	1
Q8BND3	1181	F003	461	471	11	41.80	47.37	51.64	8	0
Q8BND3	1181	F004	472	996	525	33.03	85.80	97.00	8	1
Q8BND3	1181	F005	997	1009	13	35.15	43.49	50.13	12	0
Q8BND3	1181	F006	1010	1131	122	36.21	80.67	93.44	13	1
Q8BND3	1181	F007	1132	1181	50	38.22	78.83	90.21	3	1
Q58914	1175	F001	1	55	55	45.25	68.15	91.47	4	1
Q58914	1175	F002	56	71	16	42.79	57.70	76.31	4	0
Q58914	1175	F003	72	145	74	36.67	74.20	95.75	7	1
Q58914	1175	F004	146	933	788	34.77	86.54	98.35	10	1
Q58914	1175	F005	934	1041	108	31.22	78.82	98.38	9	1
Q58914	1175	F006	1042	1175	134	30.03	78.40	93.02	6	1
Q45716	1170	F001	1	15	15	26.92	29.72	33.95	15	0
Q45716	1170	F002	16	281	266	27.10	89.07	98.57	18	1
Q45716	1170	F003	282	778	497	25.23	88.31	98.55	11	1
Q45716	1170	F004	779	800	22	29.47	39.15	61.64	20	0
Q45716	1170	F005	801	1082	282	24.80	79.88	96.28	43	1
Q45716	1170	F006	1083	1123	41	25.24	31.81	54.01	39	0
Q45716	1170	F007	1124	1170	47	31.93	80.33	95.45	6	0
Q27607	1145	F001	1	24	24	25.49	28.21	31.08	24	0
Q27607	1145	F002	25	227	203	25.49	81.28	98.25	31	1
Q27607	1145	F003	228	611	384	26.76	83.18	98.25	20	1
Q27607	1145	F004	612	635	24	30.80	45.33	55.02	17	0
Q27607	1145	F005	636	1145	510	27.83	84.85	97.94	7	1
Q21049	1139	F001	1	15	15	32.88	38.71	43.31	15	0
Q21049	1139	F002	16	155	140	34.63	77.52	94.93	17	1
Q21049	1139	F003	156	232	77	24.81	73.60	93.80	12	1
Q21049	1139	F004	233	544	312	24.76	79.67	94.94	38	1
Q21049	1139	F005	545	629	85	22.10	44.81	82.31	50	1
Q21049	1139	F006	630	768	139	24.05	46.28	93.53	95	1
Q21049	1139	F007	769	1127	359	23.88	77.31	98.63	82	1
Q21049	1139	F008	1128	1139	12	27.92	32.10	35.19	12	0
Q5M2T6	1106	F001	1	1089	1089	23.01	87.88	98.12	19	1
Q5M2T6	1106	F002	1090	1106	17	23.26	29.01	41.56	17	0
Q21534	1095	F001	1	65	65	23.17	50.63	76.49	33	1
Q21534	1095	F002	66	363	298	23.71	75.80	92.78	35	1
Q21534	1095	F003	364	553	190	39.23	82.06	93.21	9	1
Q21534	1095	F004	554	1078	525	27.36	82.60	96.04	23	1
Q21534	1095	F005	1079	1095	17	28.07	36.57	42.67	17	0
W0TFN1	1084	F001	1	502	502	34.79	80.73	92.46	8	1
W0TFN1	1084	F002	503	555	53	28.83	51.08	81.03	30	1
W0TFN1	1084	F003	556	734	179	24.41	75.54	91.10	29	1
W0TFN1	1084	F004	735	796	62	36.65	68.76	84.91	12	1
W0TFN1	1084	F005	797	878	82	36.53	72.11	88.73	9	1
W0TFN1	1084	F006	879	922	44	27.55	50.14	83.04	25	0
W0TFN1	1084	F007	923	980	58	23.11	28.79	50.09	57	1
W0TFN1	1084	F008	981	1084	104	20.74	58.77	86.09	34	1
Q1ZXK2	1074	F001	1	17	17	28.48	40.94	57.49	12	0
Q1ZXK2	1074	F002	18	38	21	26.27	40.24	53.93	17	0
Q1ZXK2	1074	F003	39	393	355	41.13	81.48	97.33	21	1
Q1ZXK2	1074	F004	394	489	96	33.03	65.40	84.51	26	1
Q1ZXK2	1074	F005	490	530	41	34.81	53.73	68.18	16	0
Q1ZXK2	1074	F006	531	551	21	32.23	41.35	53.01	19	0
Q1ZXK2	1074	F007	552	572	21	35.33	41.28	50.97	19	0
Q1ZXK2	1074	F008	573	581	9	40.93	51.88	64.21	5	0
Q1ZXK2	1074	F009	582	598	17	35.26	58.72	72.82	6	0
Q1ZXK2	1074	F010	599	617	19	33.53	44.44	55.53	11	0
Q1ZXK2	1074	F011	618	684	67	32.52	75.04	93.38	12	1
Q1ZXK2	1074	F012	685	697	13	33.42	42.87	51.65	12	0
Q1ZXK2	1074	F013	698	1033	336	26.77	88.87	97.85	17	1
Q1ZXK2	1074	F014	1034	1062	29	27.51	39.81	53.82	24	0
Q1ZXK2	1074	F015	1063	1074	12	35.35	37.18	39.95	12	0
Q81BF4	1065	F001	1	471	471	24.97	88.89	98.86	16	1
Q81BF4	1065	F002	472	651	180	25.45	82.73	98.70	16	1
Q81BF4	1065	F003	652	661	10	38.76	47.87	55.99	5	0
Q81BF4	1065	F004	662	1065	404	43.90	92.19	98.63	5	1
Q60042	1055	F001	1	20	20	28.20	31.17	36.46	20	0
Q60042	1055	F002	21	1055	1035	26.05	92.93	98.92	21	1
Q8K2I9	1042	F001	1	4	4	29.23	31.75	33.89	4	0
Q8K2I9	1042	F002	5	105	101	23.38	36.01	61.87	90	1
Q8K2I9	1042	F003	106	202	97	22.77	31.54	61.28	94	1
Q8K2I9	1042	F004	203	427	225	23.06	84.77	96.26	15	1
Q8K2I9	1042	F005	428	1042	615	25.12	88.54	97.21	9	1
Q6Z4T5	1033	F001	1	14	14	28.96	38.94	49.41	14	0
Q6Z4T5	1033	F002	15	132	118	22.32	30.32	50.24	117	1
Q6Z4T5	1033	F003	133	599	467	22.59	77.09	98.20	108	1
Q6Z4T5	1033	F004	600	663	64	25.94	72.88	96.10	12	1
Q6Z4T5	1033	F005	664	1033	370	25.61	89.42	98.62	10	1
Q69ZX6	1030	F001	1	687	687	26.20	85.02	98.86	97	1
Q69ZX6	1030	F002	688	876	189	27.54	52.24	94.12	119	1
Q69ZX6	1030	F003	877	1030	154	31.78	78.47	93.07	25	1
Q2U3V3	1026	F001	1	628	628	37.87	89.43	98.11	7	1
Q2U3V3	1026	F002	629	1026	398	42.81	88.97	98.10	9	1
Q8LPR9	1016	F001	1	34	34	25.63	33.19	40.63	34	0
Q8LPR9	1016	F002	35	666	632	23.41	80.26	95.27	44	1
Q8LPR9	1016	F003	667	697	31	27.99	48.79	66.97	13	0
Q8LPR9	1016	F004	698	1008	311	34.85	78.35	90.65	9	1
Q8LPR9	1016	F005	1009	1016	8	29.95	34.57	37.47	8	0
Q29FS3	1009	F001	1	92	92	34.14	84.06	97.86	12	1
Q29FS3	1009	F002	93	296	204	32.82	86.78	97.77	15	1
Q29FS3	1009	F003	297	434	138	25.83	81.12	97.44	18	1
Q29FS3	1009	F004	435	777	343	24.41	85.66	98.22	31	1
Q29FS3	1009	F005	778	806	29	26.95	44.26	66.67	18	0
Q29FS3	1009	F006	807	810	4	41.96	45.98	50.22	3	0
Q29FS3	1009	F007	811	832	22	36.42	48.92	58.64	11	0
Q29FS3	1009	F008	833	876	44	20.48	32.77	51.42	43	0
Q29FS3	1009	F009	877	1005	129	20.11	63.83	90.53	41	1
Q29FS3	1009	F010	1006	1009	4	25.88	30.80	35.48	4	0
Q5YZ84	1004	F001	1	3	3	35.87	39.91	44.72	3	0
Q5YZ84	1004	F002	4	1004	1001	44.49	92.86	98.75	2	1
Q52978	999	F001	1	10	10	35.50	40.54	45.07	10	0
Q52978	999	F002	11	999	989	33.96	89.98	98.28	10	1
Q2GXG8	995	F001	1	81	81	37.70	86.93	98.34	6	1
Q2GXG8	995	F002	82	107	26	40.73	73.81	95.38	6	0
Q2GXG8	995	F003	108	146	39	29.61	73.44	96.72	8	0
Q2GXG8	995	F004	147	581	435	23.58	86.28	98.66	40	1
Q2GXG8	995	F005	582	630	49	22.84	38.21	53.25	44	0
Q2GXG8	995	F006	631	822	192	28.92	89.19	98.69	12	1
Q2GXG8	995	F007	823	927	105	23.04	80.23	97.19	20	1
Q2GXG8	995	F008	928	995	68	28.31	80.91	97.44	15	1
Q58Y75	991	F001	1	4	4	34.80	36.05	39.04	4	0
Q58Y75	991	F002	5	33	29	25.05	37.77	55.16	25	0
Q58Y75	991	F003	34	78	45	28.86	47.85	78.93	23	0
Q58Y75	991	F004	79	132	54	41.01	72.83	88.60	7	1
Q58Y75	991	F005	133	682	550	35.39	83.94	95.80	4	1
Q58Y75	991	F006	683	974	292	33.98	80.02	96.71	20	1
Q58Y75	991	F007	975	991	17	38.89	42.47	49.29	17	0
Q9M2T1	987	F001	1	145	145	21.50	85.39	98.15	15	1
Q9M2T1	987	F002	146	188	43	21.48	53.32	90.01	19	0
Q9M2T1	987	F003	189	369	181	33.34	88.07	97.86	9	1
Q9M2T1	987	F004	370	522	153	38.43	88.98	98.65	8	1
Q9M2T1	987	F005	523	547	25	34.58	58.13	78.78	11	0
Q9M2T1	987	F006	548	640	93	24.64	51.31	93.47	59	1
Q9M2T1	987	F007	641	777	137	20.63	57.99	94.52	64	1
Q9M2T1	987	F008	778	882	105	25.73	81.67	96.17	12	1
Q9M2T1	987	F009	883	986	104	32.38	86.36	98.05	4	1
Q9M2T1	987	F010	987	987	1	27.31	27.31	27.31	1	0
Q744V3	969	F001	1	9	9	25.63	28.38	29.97	9	0
Q744V3	969	F002	10	969	960	28.61	91.43	98.81	11	1
Q46337	967	F001	1	2	2	37.52	37.74	37.95	2	0
Q46337	967	F002	3	967	965	49.19	97.65	98.95	1	1
Q9FX32	942	F001	1	6	6	23.80	25.31	27.23	6	0
Q9FX32	942	F002	7	845	839	26.48	91.02	98.90	39	1
Q9FX32	942	F003	846	906	61	23.40	45.33	72.46	36	1
Q9FX32	942	F004	907	938	32	38.49	59.69	73.45	8	0
Q9FX32	942	F005	939	942	4	34.96	36.21	37.96	4	0
Q47BK5	932	F001	1	932	932	43.56	95.05	98.91	1	1
Q5PQP9	926	F001	1	4	4	34.65	38.58	41.35	4	0
Q5PQP9	926	F002	5	30	26	32.77	68.00	90.49	8	0
Q5PQP9	926	F003	31	99	69	24.19	68.02	94.82	24	1
Q5PQP9	926	F004	100	433	334	23.26	88.26	98.66	32	1
Q5PQP9	926	F005	434	493	60	22.17	41.50	71.26	37	1
Q5PQP9	926	F006	494	720	227	21.92	82.25	98.35	32	1
Q5PQP9	926	F007	721	926	206	36.06	86.30	95.22	8	1
Q6C1B1	924	F001	1	28	28	25.51	28.89	33.31	28	0
Q6C1B1	924	F002	29	405	377	25.63	78.73	97.66	34	1
Q6C1B1	924	F003	406	844	439	30.68	86.81	97.81	12	1
Q6C1B1	924	F004	845	855	11	37.51	43.73	51.18	9	0
Q6C1B1	924	F005	856	895	40	40.02	76.09	92.30	5	0
Q6C1B1	924	F006	896	924	29	42.56	77.65	93.89	3	0
